<?xml version="1.0" encoding="UTF-8"?>

<includes>

    <!-- FANART -->

    <include name="Viewtype580">

        <control type="group">
            <visible>Control.IsVisible(580)</visible>

            <control type="wraplist" id="580">
                <width>1920</width>
                <height>520</height>
				<onleft>580</onleft>
				<onright>580</onright>
                <onup condition="!Skin.HasSetting(KioskMode)">3001</onup>
                <ondown>3001</ondown>
                <top>190</top>
                <left>330</left>
                <right>330</right>
				<preloaditems>2</preloaditems>
				<pagecontrol>-</pagecontrol>
				<viewtype label="Fanart">BigWrap</viewtype>
				<scrolltime tween="Cubic" easing="out">450</scrolltime>
				<orientation>horizontal</orientation>
                <itemlayout height="1080" width="1920">

        		</itemlayout>
        		<focusedlayout condition="Skin.HasSetting(59_landscape)" height="1080" width="1920">

        		</focusedlayout>

                <focusedlayout condition="!Skin.HasSetting(59_landscape)" height="600" width="1920">
                    <control type="group">
                        <include>FocusAnim</include>
                        <control type="image">
                            <posx>0</posx>
                            <posy>-190</posy>
                            <width>1260</width>
                            <height>1080</height>
                            <aspectratio scalediffuse="false">scale</aspectratio>
                            <texture background="true" fallback="$VAR[fallback]">$INFO[ListItem.Art(fanart)]</texture>
                        </control>
                        <control type="label">
                            <top>580</top>
                            <left>40</left>
                            <width>1600</width>
                            <aligny>center</aligny>
                            <align>center</align>
                            <height>70</height>
                            <textcolor>TextColor1</textcolor>
                            <font>Font50</font>
                            <label>[LIGHT]$INFO[ListItem.Label][/LIGHT]</label>
                        </control>
                        <control type="label">
                            <left>40</left>
                            <top>650</top>
                            <width>1600</width>
                            <height>27</height>
                            <font>Font27</font>
                            <aligny>center</aligny>
                            <align>center</align>
                            <label>$VAR[Label2]</label>
                            <textcolor>TextColor2</textcolor>
                        </control>
                    </control>
                </focusedlayout>

				<visible>[Container.Content(Movies) | Container.Content(Sets) | Container.Content(TVShows)] + !String.StartsWith(Container.FolderPath,plugin://)</visible>
			</control>

            <control type="group">
    			<left>25</left>
    			<top>485</top>
    			<include>FocusAnim</include>
    			<visible>Control.IsVisible(580)</visible>
    			<control type="image">
    				<left>-25</left>
    				<top>-485</top>
    				<width>1920</width>
    				<height>1080</height>
    				<aspectratio>stretch</aspectratio>
    				<texture background="true">video_grid.png</texture>
    				<colordiffuse>CCFFFFFF</colordiffuse>
                    <visible>!Skin.HasSetting(580_grille)</visible>
    			</control>
    			<control type="label">
    				<left>100</left>
    				<top>290</top>
    				<height>26</height>
    				<width>840</width>
    				<scroll>false</scroll>
    				<align>left</align>
                    <font>Font72</font>
                    <align>center</align>
                    <textcolor>TextColor1</textcolor>
                    <label>[LIGHT]$INFO[ListItem.Label][/LIGHT]</label>
    			</control>
    			<control type="label">
    				<left>100</left>
    				<top>340</top>
    				<width>840</width>
    				<height>30</height>
                    <font>Font27</font>
                    <label>$VAR[Label2]</label>
                    <textcolor>TextColor1</textcolor>
    				<!--<label>$INFO[ListItem.Genre]</label>-->
    				<scroll>false</scroll>
    				<visible>!ListItem.IsParentFolder</visible>
    			</control>
    		</control>

        </control>

    </include>

</includes>
