<?xml version="1.0" encoding="UTF-8"?>
<includes>

<!-- 584 carrer info -->
	<include name="Viewtype584">

		<control type="group">
			<visible>Control.IsVisible(584)</visible>


			<include content="image-full">
				<param name="texture">$INFO[ListItem.Art(poster)]</param>
				<param name="aspectratio">scale</param>
				<param name="visible">!IsEmpty(ListItem.Art(poster))</param>
			</include>

			<include content="image-full">
				<param name="texture">$INFO[ListItem.Art(fanart)]</param>
				<param name="aspectratio">scale</param>
				<param name="visible">IsEmpty(ListItem.Art(poster))+!IsEmpty(ListItem.Art(fanart))</param>
			</include>

			<include content="image-full">
				<param name="texture">$INFO[ListItem.Icon]</param>
				<param name="aspectratio">keep</param>
				<param name="visible">IsEmpty(ListItem.Art(poster))+IsEmpty(ListItem.Art(fanart))+!IsEmpty(ListItem.Icon)</param>
			</include>


			<control type="group">
				<top>225</top>
				<left>540</left>
				<height>600</height>

				<control type="image">
					<left>0</left>
					<width>1050</width>
					<height>600</height>
					<texture colordiffuse="$VAR[OverlayColor]">dialogs/Background.png</texture>
					<aspectratio>scale</aspectratio>
				</control>


				<control type="label">
					<top>30</top>
					<left>40</left>
					<width>1010</width>
					<height>60</height>
					<font>Font72</font>
					<align>center</align>
					<label>$INFO[ListItem.Label]</label>
					<textcolor>TextColor1</textcolor>
				</control>

				<control type="textbox">
				   <description>My first text box control</description>
				   <left>40</left>
				   <top>320</top>
				   <width>970</width>
				   <height>245</height>
				   <visible>true</visible>
				   <font>font20</font>
				   <textcolor>TextColor2</textcolor>
				   <pulseonselect></pulseonselect>
				   <pagecontrol>13</pagecontrol>
				   <scrolltime>200</scrolltime>
				   <autoscroll delay="3000" time="1000" repeat="10000">True</autoscroll>
				   <label>$VAR[Plot]</label>
				   <align>left</align>
				</control>


				<control type="list">
					<left>40</left>
					<top>80</top>
					<width>1010</width>
					<height>600</height>

					<itemlayout width="410" height="45">
						<control type="label">
							<width>1010</width>
							<height>52</height>
							<align>left</align>
							<font>font30</font>
							<label>$INFO[ListItem.Label]</label>
							<textcolor>TextColor2</textcolor>
							<align>center</align>
						</control>
					</itemlayout>
					<focusedlayout width="410" height="45">
						<control type="label">
							<width>1010</width>
							<height>52</height>
							<align>left</align>
							<font>font30</font>
							<label>$INFO[ListItem.Label]</label>
							<textcolor>TextColor2</textcolor>
							<align>center</align>
						</control>
					</focusedlayout>
					<content>
						<item>
							<label></label>
							<onclick>noop</onclick>
							<visible></visible>
						</item>
						<item>
							<label>$INFO[ListItem.LastPlayed,Vue le &#8226; ]</label>
							<onclick>-</onclick>
							<visible>!IsEmpty(ListItem.PlayCount)</visible>
						</item>
						<item>
							<label>$VAR[label2]</label>
							<onclick>-</onclick>
							<visible>true</visible>
						</item>
						<item>
							<label>$INFO[ListItem.Writer,Réalisateur &#8226; ]</label>
							<onclick>-</onclick>
							<visible>!IsEmpty(ListItem.Writer)</visible>
						</item>
						<item>
							<label>$INFO[ListItem.Studio,Studio &#8226; ]</label>
							<onclick>-</onclick>
							<visible>!IsEmpty(ListItem.Studio)</visible>
						</item>
					</content>
				</control>

			</control>



			<control type="fixedlist" id="584">
				<left>1578</left>
				<top>225</top>
				<width>1050</width>
				<height>600</height>
				<onup>50</onup>
				<ondown>50</ondown>
				<onleft>60</onleft>
				<onright condition="!Skin.HasSetting(KioskMode)">3001</onright>
				<pagecontrol>60</pagecontrol>
				<focusposition>5</focusposition>
				<orientation>vertical</orientation>
				<viewtype label="Carrer Large">list</viewtype>
				<scrolltime tween="sine" easing="out">240</scrolltime>
				<visible>Window.IsActive(videos)</visible>

				<itemlayout height="205" width="1050">

					<!-- Image - Songs -->
					<include content="image-584">
						<param name="fallback">DefaultMusicSongs.png</param>
						<param name="colordiffuse">DiffusePosterNF</param>
						<param name="visible">Container.Content(songs)</param>
					</include>
					<!-- Image - Other -->
					<include content="image-584">
						<param name="fallback">DefaultFolder.png</param>
						<param name="colordiffuse">DiffusePosterNF</param>
						<param name="visible">!Container.Content(songs)</param>
					</include>

				</itemlayout>

				<focusedlayout height="205" width="1050">
					<!-- Image - Songs -->
					<include content="image-584">
						<param name="fallback">DefaultMusicSongs.png</param>
						<param name="visible">Container.Content(songs)</param>
					</include>
					<!-- Image - Other -->
					<include content="image-584">
						<param name="fallback">DefaultFolder.png</param>
						<param name="visible">!Container.Content(songs)</param>
					</include>

				</focusedlayout>

			</control>

		</control>

	</include>

	<include name="image-584">
		<param name="fallback">DefaultVideos.png</param>
		<param name="colordiffuse">FFFFFFFF</param>
		<param name="visible">False</param>
		<definition>
			<control type="image">
				<left>34</left>
				<width>190</width>
				<height>190</height>
				<texture colordiffuse="$VAR[OverlayColor]">dialogs/Background.png</texture>
				<aspectratio>scale</aspectratio>
				<visible>$PARAM[visible]</visible>
			</control>
			<control type="image">
				<left>34</left>
				<width>190</width>
				<height>190</height>
				<colordiffuse>$PARAM[colordiffuse]</colordiffuse>
				<texture fallback="$PARAM[fallback]" background="true">$VAR[mediaImages]</texture>
				<aspectratio align="center">scale</aspectratio>
				<visible>$PARAM[visible]</visible>
			</control>
		</definition>
	</include>

	<include name="image-full">
		<param name="texture">$INFO[ListItem.Icon]</param>
		<param name="aspectratio">keep</param>
		<param name="visible">False</param>
		<definition>
			<control type="image">
				<left>120</left>
				<top>225</top>
				<width>405</width>
				<height>600</height>
				<texture>$PARAM[texture]</texture>
				<aspectratio aligny="center">$PARAM[aspectratio]</aspectratio>
				<visible>$PARAM[visible]</visible>
			</control>
		</definition>
	</include>

</includes>
