<includes>

	<include file="Defaults.xml" />
	<include file="Include_Home_OSMC.xml" />
	<include file="Includes_Widgets.xml" />
	<include condition="System.HasAddon(script.skinshortcuts)" file="script-skinshortcuts-includes.xml" />
	<include condition="!System.HasAddon(script.skinshortcuts)" file="script-skinshortcuts-static.xml" />
	<include file="Include_DialogSettings.xml" />

	<include file="Viewtype50.xml" />

	<include file="Viewtype51.xml" />

	<include file="Viewtype500.xml" />

	<include file="Viewtype54.xml" />
	<include file="Viewtype55.xml" />
	<include file="Viewtype59.xml" />
	<include file="Viewtype580.xml" />
	<include file="Viewtype581.xml" />
	<include file="Viewtype582.xml" />
	<include file="Viewtype583.xml" />
	<include file="Viewtype584.xml" />
	<include file="Variables.xml" />

	<!-- Fullscreen dimensions -->
	<include name="FullscreenDimensions">
		<left>0</left>
		<top>0</top>
		<width>1920</width>
		<height>1080</height>
	</include>

	<include name="SlideAnim">
		<animation effect="slide" start="0,0" end="450,0" time="200" condition="ControlGroup(9002).HasFocus|ControlGroup(9010).HasFocus|Window.IsActive(contextmenu)|Window.IsActive(shutdownmenu)">Conditional</animation>
	</include>

	<include name="FocusAnim">
		<animation effect="zoom" start="90" end="100" center="202,300" time="300" tween="back" easing="out" reversible="false">Focus</animation>
		<animation effect="slide" start="100,0" end="0,0" time="150" tween="Cubic" easing="out" reversible="false">Focus</animation>
		<animation effect="fade" start="20" end="100" time="750" delay="0" tween="sine" easing="out" reversible="false">Focus</animation>
	</include>


	<!-- Window background image -->
	<include name="WindowBackgroundImage">
		<param name="isHomeWindow">False</param>
		<param name="animate">False</param>
		<definition>
			<control type="videowindow">
				<include>FullscreenDimensions</include>
				<visible>Player.HasVideo + Skin.HasSetting(BackgroundVideo)</visible>
				<visible>!$PARAM[animate]</visible>
			</control>

			<!-- Water Image -->
			<control type="image">
				<include>FullscreenDimensions</include>
				<texture background="true">$VAR[OSMCBackgroundImage]</texture>
				<visible>![Player.HasVideo + Skin.HasSetting(BackgroundVideo)]</visible>
				<visible>!$PARAM[animate]</visible>
			</control>

			<!-- Background Image -->
			<control type="image" id="10000">
				<include>FullscreenDimensions</include>
				<texture background="true" fallback="transparent.png">$VAR[widgetBackground]</texture>
				<fadetime>400</fadetime>
				<visible>![Player.HasVideo + Skin.HasSetting(BackgroundVideo)]</visible>
				<visible>!Skin.HasSetting(HideFanart)</visible>
				<animation effect="fade" start="0" end="100" time="200" delay="70" condition="$PARAM[animate]">WindowOpen</animation>
				<animation effect="fade" start="100" end="0" time="200" condition="$PARAM[animate]">WindowClose</animation>
			</control>

			<!-- news fond
			<control type="image">
				<include>FullscreenDimensions</include>
				<texture background="true">$INFO[Container(9000).ListItem.Property(background)]</texture>
				<visible>![Player.HasVideo + Skin.HasSetting(BackgroundVideo)]</visible>
				<visible>!$PARAM[animate]</visible>
				<visible>!Skin.HasSetting(HideFanart)</visible>
			</control>

			<control type="multiimage">
				<include>FullscreenDimensions</include>
				<imagepath background="true">$INFO[Container(9000).ListItem.Property(background)]</imagepath>
				<aspectratio>keep</aspectratio>
				<timeperimage>10000</timeperimage>
				<fadetime>2000</fadetime>
				<randomize>true</randomize>
				<visible>![Player.HasVideo + Skin.HasSetting(BackgroundVideo)]</visible>
				<visible>!$PARAM[animate]</visible>
			</control> -->

			<!---->

			<!-- Artists Slideshow -->
			<control type="multiimage">
				<include>FullscreenDimensions</include>
				<imagepath background="true">$INFO[Window(Visualisation).Property(ArtistSlideshow)]</imagepath>
				<aspectratio>keep</aspectratio>
				<timeperimage>10000</timeperimage>
				<fadetime>2000</fadetime>
				<randomize>true</randomize>
				<visible>Player.HasAudio + System.HasAddon(script.artistslideshow) + Skin.HasSetting(EnableArtistFanart)</visible>
			</control>

			<!-- Visualisation -->
			<control type="visualisation">
				<include>FullscreenDimensions</include>
				<visible>Player.HasAudio + Skin.HasSetting(BackgroundVisualisation) + !String.Contains(Window(Videos).Property(TvTunesIsAlive),True)</visible>
			</control>

			<!-- Overlay - Custom color -->
			<control type="image">
				<include>FullscreenDimensions</include>
				<texture background="true">$VAR[OSMCBackgroundOverlay]</texture>
				<!--<colordiffuse>$INFO[Skin.String(color.background)]</colordiffuse>-->
				<colordiffuse>$VAR[FanartColor]</colordiffuse>
				<animation effect="fade" start="0" end="100" time="200" condition="$PARAM[animate]">WindowOpen</animation>
				<animation effect="fade" start="100" end="0" time="200" delay="70" condition="$PARAM[animate]">WindowClose</animation>
				<include>VisibleFadeAnimation</include>
				<visible>!Window.Is(visualisation) | [Window.Is(visualisation) + [Player.ShowInfo | Window.IsActive(musicosd)]]</visible>
			</control>
		</definition>
	</include>

	<!-- Window background image with fade animation -->
	<include name="WindowFadeBackgroundImage">
		<control type="group">
			<include content="WindowBackgroundImage">
				<param name="animate">True</param>
			</include>
			<control type="image">
				<include>FullscreenDimensions</include>
				<include>WindowFadeAnimation</include>
				<texture colordiffuse="DarkenColor">dialogs/DialogTextBackground.png</texture>
			</control>
		</control>
	</include>

	<!-- Dialog fade background image -->
	<include name="DialogFadeBackgroundImage">
		<control type="image">
			<include>FullscreenDimensions</include>
			<texture colordiffuse="DarkenColor">dialogs/DialogTextBackground.png</texture>
			<animation effect="fade" start="0" end="100" time="200">WindowOpen</animation>
			<animation effect="fade" start="100" end="0" time="200">WindowClose</animation>
		</control>
	</include>

	<!-- Options background image -->
	<include name="OptionsBackgroundImage">
		<control type="image">
			<include>FullscreenDimensions</include>
			<texture border="20">dialogs/OptionsBackground.png</texture>
		</control>
	</include>

	<!-- Time -->
	<include name="Time">
		<param name="heading">$VAR[HeadingLabel]</param>
		<definition>
			<!-- Window heading -->
			<control type="label">
				<left>120</left>
				<top>110</top>
				<width>1680</width>
				<height>33</height>
				<aligny>top</aligny>
				<label>$PARAM[heading]</label>
				<font>Font33</font>
				<animation type="WindowOpen" condition="Window.Previous(startup)">
					<effect type="fade" start="50" end="100" time="200" tween="cubic" easing="out"/>
				</animation>
			</control>

			<control type="group">
				<visible>!Window.IsVisible(notification) + !Window.IsVisible(extendedprogressdialog) + !Window.IsVisible(volumebar) + !String.IsEqual(Window(10000).Property(isCaching),True)</visible>

				<animation type="WindowOpen" condition="Window.Previous(startup)">
					<effect type="fade" start="50" end="100" time="200" tween="cubic" easing="out"/>
				</animation>
				<animation type="Visible">
					<effect type="slide" start="120,0" end="0,0" time="200" />
					<effect type="fade" start="0" end="100" time="200" />
				</animation>
				<animation type="Hidden">
					<effect type="slide" end="120,0" time="200" />
					<effect type="fade" start="100" end="0" time="200" />
				</animation>

				<!-- Time -->
				<control type="label">
					<right>120</right>
					<top>110</top>
					<width>1680</width>
					<height>33</height>
					<aligny>top</aligny>
					<align>right</align>
					<label>$INFO[System.Time]</label>
					<font>Font33</font>
					<textcolor>DialogColor1</textcolor>
					<visible>!Player.HasMedia | !Integer.IsGreater(Player.Duration,0)</visible>
				</control>

				<control type="group">
					<visible>Player.HasMedia + Integer.IsGreater(Player.Duration,0)</visible>

					<!-- Now Playing - Video -->
					<control type="fadelabel">
						<right>170</right>
						<top>93</top>
						<width>1680</width>
						<height>33</height>
						<aligny>top</aligny>
						<align>right</align>
						<label>$INFO[VideoPlayer.TVShowTitle]</label>
						<label>$INFO[VideoPlayer.ChannelNumber,[LIGHT](,)[/LIGHT] ]$INFO[VideoPlayer.ChannelName]</label>
						<label>$INFO[VideoPlayer.Season,[LIGHT]s,[/LIGHT]]$INFO[VideoPlayer.Episode,[LIGHT]e,[/LIGHT]  ]$INFO[VideoPlayer.Title]</label>
						<label>$INFO[VideoPlayer.EpisodeName]</label>
						<label>$INFO[Player.FinishTime,[LIGHT]Finishes at ,[/LIGHT]  ]$INFO[System.Time]</label>
						<visible>Player.HasVideo</visible>
						<pauseatend>5000</pauseatend>
					</control>

					<!-- Now Playing - Audio -->
					<control type="fadelabel">
						<right>170</right>
						<top>93</top>
						<width>1680</width>
						<height>33</height>
						<aligny>top</aligny>
						<align>right</align>
						<label>[LIGHT]$INFO[MusicPlayer.TrackNumber,,. ][/LIGHT]$INFO[MusicPlayer.Title]</label>
						<label>[LIGHT]$INFO[MusicPlayer.Artist,,  ][/LIGHT]$INFO[MusicPlayer.Album]</label>
						<label>$INFO[Player.FinishTime,[LIGHT]Finishes at ,[/LIGHT]  ]$INFO[System.Time]</label>
						<visible>Player.HasAudio + String.IsEmpty(VideoPlayer.ChannelName)</visible>
						<pauseatend>5000</pauseatend>
					</control>

					<!-- Now Playing - PVR Recording -->
					<control type="fadelabel">
						<right>170</right>
						<top>93</top>
						<width>1680</width>
						<height>33</height>
						<aligny>top</aligny>
						<align>right</align>
						<label>$INFO[Player.Title]</label>
						<label>$INFO[VideoPlayer.ChannelNumber,[LIGHT](,)[/LIGHT] ]$INFO[VideoPlayer.ChannelName]</label>
						<label>$INFO[Player.FinishTime,[LIGHT]Finishes at ,[/LIGHT]  ]$INFO[System.Time]</label>
						<visible>Player.HasAudio + !String.IsEmpty(VideoPlayer.ChannelName)</visible>
						<pauseatend>5000</pauseatend>
					</control>

					<!-- Now Playing - Progress -->
					<control type="label">
						<right>170</right>
						<top>127</top>
						<width>1680</width>
						<height>33</height>
						<aligny>top</aligny>
						<align>right</align>
						<label>$INFO[Player.Time]$INFO[Player.Duration, / ,]</label>
						<font>Font33</font>
						<textcolor>DialogColor1</textcolor>
					</control>

					<!-- Play/Paused Image -->
					<control type="image">
						<right>110</right>
						<top>100</top>
						<width>60</width>
						<height>60</height>
						<texture colordiffuse="DialogColor1">osd/OSDPlayNF.png</texture>
						<visible>!Player.Paused</visible>
					</control>
					<control type="image">
						<right>110</right>
						<top>100</top>
						<width>60</width>
						<height>60</height>
						<texture colordiffuse="DialogColor1">osd/OSDPauseNF.png</texture>
						<visible>Player.Paused</visible>
					</control>

				</control>
			</control>
		</definition>
	</include>

	<!-- Window animation -->
	<include name="WindowFadeAnimation">
		<animation effect="fade" start="0" end="100" time="200">WindowOpen</animation>
		<animation effect="fade" start="100" end="0" time="200">WindowClose</animation>
	</include>

	<!-- Visible animation -->
	<include name="VisibleFadeAnimation">
		<animation effect="fade" start="0" end="100" time="200">Visible</animation>
		<animation effect="fade" start="100" end="0" time="200">Hidden</animation>
	</include>

	<!-- Dialog animation -->
	<include name="DialogZoomAnimation">
		<animation type="WindowOpen">
			<effect type="zoom" start="70" end="100" center="auto" tween="back" easing="inout" time="300" />
			<effect type="fade" start="0" end="100" time="300" />
		</animation>
		<animation type="WindowClose">
			<effect type="zoom" start="100" end="70" center="auto" time="300" />
			<effect type="fade" start="100" end="0" time="300" />
		</animation>
	</include>

	<!-- Options animation -->
	<include name="OptionsAnimation">
		<animation type="Visible">
			<effect type="zoom" start="70" end="100" center="auto" tween="back" easing="inout" time="300" />
			<effect type="fade" start="0" end="100" time="300" />
		</animation>
		<animation type="Hidden">
			<effect type="zoom" start="100" end="70" center="auto" time="100" />
			<effect type="fade" start="100" end="0" time="100" />
		</animation>
	</include>

	<!-- Keyboard buttons -->
	<include name="KeyboardButtons">
		<width>84</width>
		<height>74</height>
		<font>Font48</font>
		<align>center</align>
		<textoffsetx>10</textoffsetx>
		<fadetime>200</fadetime>
		<texturefocus border="25,0,25,0">dialogs/KeyboardButton.png</texturefocus>
	</include>

	<!-- OSD Play buttons -->
	<include name="OSDPlayStopButtons">
		<control type="togglebutton" id="5">
			<width>60</width>
			<height>60</height>
			<texturefocus colordiffuse="DialogColor1">osd/OSDPauseNF.png</texturefocus>
			<texturenofocus colordiffuse="DialogColor2">osd/OSDPauseNF.png</texturenofocus>
			<usealttexture>Player.Paused | Player.Forwarding | Player.Rewinding | Player.IsTempo</usealttexture>
			<alttexturefocus colordiffuse="DialogColor1">osd/OSDPlayNF.png</alttexturefocus>
			<alttexturenofocus colordiffuse="DialogColor2">osd/OSDPlayNF.png</alttexturenofocus>
			<onclick>PlayerControl(Play)</onclick>
		</control>
		<control type="button" id="6">
			<width>60</width>
			<height>60</height>
			<texturefocus colordiffuse="DialogColor1">osd/OSDStopNF.png</texturefocus>
			<texturenofocus colordiffuse="DialogColor2">osd/OSDStopNF.png</texturenofocus>
			<onclick>PlayerControl(Stop)</onclick>
		</control>
	</include>

	<!-- OSD Stop buttons -->
	<include name="OSDStopButton">
		<control type="button" id="5">
			<width>60</width>
			<height>60</height>
			<texturefocus colordiffuse="DialogColor1">osd/OSDStopNF.png</texturefocus>
			<texturenofocus colordiffuse="DialogColor2">osd/OSDStopNF.png</texturenofocus>
			<onclick>PlayerControl(Stop)</onclick>
		</control>
	</include>

	<include name="mediamenu">
		<control type="grouplist" id="85">
			<visible>Player.HasMedia</visible>
			<visible>!System.HasModalDialog</visible>
			<width>450</width>
			<top>100</top>
			<height>60</height>
			<itemgap>0</itemgap>
			<onleft>50</onleft>
			<align>center</align>
			<onright>50</onright>
			<onup>3001</onup>
			<ondown>3001</ondown>
			<orientation>horizontal</orientation>

			<!-- Spacer -->
			<control type="image" id="240">
				<left>0</left>
				<top>0</top>
				<width>7</width>
				<height>60</height>
				<texture>transparent.png</texture>
			</control>

			<!-- Skip Back -->
			<control type="button" id="201">
				<width>9</width>
				<height>60</height>
				<texturefocus colordiffuse="DialogColor1">osd/OSDTrickBackwardEnd.png</texturefocus>
				<texturenofocus colordiffuse="DialogColor2">osd/OSDTrickBackwardEnd.png</texturenofocus>
				<onclick>PlayerControl(Previous)</onclick>
				<visible>!VideoPlayer.Content(LiveTV)</visible>
			</control>
			<!-- Rewind -->
			<control type="togglebutton" id="202">
				<width>18</width>
				<height>60</height>
				<texturefocus colordiffuse="DialogColor1">osd/OSDTrickBackward.png</texturefocus>
				<texturenofocus colordiffuse="DialogColor2">osd/OSDTrickBackward.png</texturenofocus>
				<alttexturefocus colordiffuse="DialogColor1">osd/OSDTrickBackward.png</alttexturefocus>
				<alttexturenofocus colordiffuse="DialogColor1">osd/OSDTrickBackward.png</alttexturenofocus>
				<usealttexture>Control.HasFocus(201)</usealttexture>
				<onclick>PlayerControl(Rewind)</onclick>
				<visible>Player.SeekEnabled</visible>
			</control>
			<!-- Tempo Down -->
			<control type="togglebutton" id="203">
				<width>18</width>
				<height>60</height>
				<texturefocus colordiffuse="DialogColor1">osd/OSDTrickBackward.png</texturefocus>
				<texturenofocus colordiffuse="DialogColor2">osd/OSDTrickBackward.png</texturenofocus>
				<alttexturefocus colordiffuse="DialogColor1">osd/OSDTrickBackward.png</alttexturefocus>
				<alttexturenofocus colordiffuse="DialogColor1">osd/OSDTrickBackward.png</alttexturenofocus>
				<usealttexture>Control.HasFocus(201) | Control.HasFocus(202)</usealttexture>
				<onclick>PlayerControl(TempoDown)</onclick>
				<visible>Player.SeekEnabled</visible>
				<enable>Player.TempoEnabled</enable>
			</control>

			<!-- Spacer -->
			<control type="image" id="241">
				<left>0</left>
				<top>0</top>
				<width>7</width>
				<height>60</height>
				<texture>transparent.png</texture>
			</control>

			<!-- Up -->
			<control type="button" id="204">
				<width>60</width>
				<height>60</height>
				<texturefocus colordiffuse="DialogColor1">osd/OSDUpNF.png</texturefocus>
				<texturenofocus colordiffuse="DialogColor2">osd/OSDUpNF.png</texturenofocus>
				<onclick>PlayerControl(Previous)</onclick>
				<visible>VideoPlayer.Content(LiveTV)</visible>
			</control>

			<!-- Play / Pause -->
			<control type="togglebutton" id="205">
				<width>60</width>
				<height>60</height>
				<texturefocus colordiffuse="DialogColor1">osd/OSDPauseNF.png</texturefocus>
				<texturenofocus colordiffuse="DialogColor2">osd/OSDPauseNF.png</texturenofocus>
				<usealttexture>Player.Paused | Player.Forwarding | Player.Rewinding | Player.IsTempo</usealttexture>
				<alttexturefocus colordiffuse="DialogColor1">osd/OSDPlayNF.png</alttexturefocus>
				<alttexturenofocus colordiffuse="DialogColor2">osd/OSDPlayNF.png</alttexturenofocus>
				<onclick>PlayerControl(Play)</onclick>
			</control>

			<!-- Stop -->
			<control type="button" id="206">
				<width>60</width>
				<height>60</height>
				<texturefocus colordiffuse="DialogColor1">osd/OSDStopNF.png</texturefocus>
				<texturenofocus colordiffuse="DialogColor2">osd/OSDStopNF.png</texturenofocus>
				<onclick>PlayerControl(Stop)</onclick>
			</control>

			<!-- Down -->
			<control type="button" id="207">
				<width>60</width>
				<height>60</height>
				<texturefocus colordiffuse="DialogColor1">osd/OSDDownNF.png</texturefocus>
				<texturenofocus colordiffuse="DialogColor2">osd/OSDDownNF.png</texturenofocus>
				<onclick>PlayerControl(Next)</onclick>
				<visible>VideoPlayer.Content(LiveTV)</visible>
			</control>

			<!-- Spacer -->
			<control type="image" id="242">
				<left>0</left>
				<top>0</top>
				<width>7</width>
				<height>60</height>
				<texture>transparent.png</texture>
			</control>

			<!-- Tempo Up -->
			<control type="togglebutton" id="208">
				<width>18</width>
				<height>60</height>
				<texturefocus colordiffuse="DialogColor1">osd/OSDTrickForward.png</texturefocus>
				<texturenofocus colordiffuse="DialogColor2">osd/OSDTrickForward.png</texturenofocus>
				<alttexturefocus colordiffuse="DialogColor1">osd/OSDTrickForward.png</alttexturefocus>
				<alttexturenofocus colordiffuse="DialogColor1">osd/OSDTrickForward.png</alttexturenofocus>
				<usealttexture>Control.HasFocus(209) | Control.HasFocus(210)</usealttexture>
				<onclick>PlayerControl(TempoUp)</onclick>
				<visible>Player.SeekEnabled</visible>
				<enable>Player.TempoEnabled</enable>
			</control>
			<!-- Fast Forward -->
			<control type="togglebutton" id="209">
				<width>18</width>
				<height>60</height>
				<texturefocus colordiffuse="DialogColor1">osd/OSDTrickForward.png</texturefocus>
				<texturenofocus colordiffuse="DialogColor2">osd/OSDTrickForward.png</texturenofocus>
				<alttexturefocus colordiffuse="DialogColor1">osd/OSDTrickForward.png</alttexturefocus>
				<alttexturenofocus colordiffuse="DialogColor1">osd/OSDTrickForward.png</alttexturenofocus>
				<usealttexture>Control.HasFocus(210)</usealttexture>
				<onclick>PlayerControl(Forward)</onclick>
				<visible>Player.SeekEnabled</visible>
			</control>
			<!-- Next -->
			<control type="button" id="210">
				<width>9</width>
				<height>60</height>
				<texturefocus colordiffuse="DialogColor1">osd/OSDTrickForwardEnd.png</texturefocus>
				<texturenofocus colordiffuse="DialogColor2">osd/OSDTrickForwardEnd.png</texturenofocus>
				<onclick>PlayerControl(Next)</onclick>
				<visible>!VideoPlayer.Content(LiveTV)</visible>
			</control>
			<control type="button" id="211">
				<width>60</width>
				<height>60</height>
				<texturefocus colordiffuse="DialogColor1">osd/OSDFullScreenNF.png</texturefocus>
				<texturenofocus colordiffuse="DialogColor2">osd/OSDFullScreenNF.png</texturenofocus>
				<onclick>Fullscreen</onclick>
			</control>
		</control>
	</include>

	<!-- Item count -->
	<include name="ItemCount">
		<control type="grouplist">
			<right>120</right>
			<bottom>110</bottom>
			<width>800</width>
			<height>44</height>
			<itemgap>6</itemgap>
			<align>right</align>
			<orientation>horizontal</orientation>
			<usecontrolcoords>true</usecontrolcoords>
			<visible>Integer.IsGreater(Container.NumItems,0)</visible>
			<control type="label">
				<top>3</top>
				<width>auto</width>
				<height>44</height>
				<align>right</align>
				<label>$INFO[Container.NumItems]</label>
				<font>Font25</font>
				<textcolor>TextColor2</textcolor>
			</control>
			<control type="label">
				<width>auto</width>
				<height>44</height>
				<align>right</align>
				<label>$VAR[ContentType]</label>
				<font>Font33</font>
				<textcolor>TextColor2</textcolor>
			</control>
		</control>
	</include>

	<!-- Logo -->
	<include name="MediaLogos">
		<control type="group">
			<left>1625</left>
			<top>965</top>

		<!--	Skin.HasSetting(show_clearlogos) -->
			<control type="image">
				<width>178</width>
				<height>80</height>
				<aspectratio align="center">keep</aspectratio>
				<texture background="true">$VAR[MediaImages_logo]</texture>
			</control>

		</control>
	</include>

	<!-- Media Flags -->
	<include name="MediaFlags">
		<control type="grouplist">
			<left>120</left>
			<bottom>110</bottom>
			<width>800</width>
			<height>44</height>
			<itemgap>0</itemgap>
			<align>left</align>
			<orientation>horizontal</orientation>
			<usecontrolcoords>true</usecontrolcoords>
			<visible>Integer.IsGreater(Container.NumItems,0)</visible>

			<!-- Video flags -->
			<control type="image">
				<width>44</width>
				<height>44</height>
				<colordiffuse>TextColor2</colordiffuse>
				<texture>DefaultMovies.png</texture>
				<visible>!String.IsEmpty(ListItem.VideoCodec) + !String.IsEmpty(ListItem.VideoResolution)</visible>
			</control>
			<control type="label">
				<width>auto</width>
				<height>44</height>
				<align>right</align>
				<label>$INFO[ListItem.VideoCodec,,]$INFO[ListItem.VideoResolution, ,p]</label>
				<font>Font33</font>
				<textcolor>TextColor2</textcolor>
				<visible>!String.IsEmpty(ListItem.VideoCodec) + !String.IsEmpty(ListItem.VideoResolution)</visible>
			</control>

			<!-- tv show -->
			<control type="image">
				<width>44</width>
				<height>44</height>
				<colordiffuse>TextColor2</colordiffuse>
				<texture>DefaultLiveTV.png</texture>
				<visible>!String.IsEmpty(ListItem.Season) + [Container.Content(TVShows) | Container.Content(Seasons)]</visible>
			</control>
			<control type="label">
				<width>auto</width>
				<height>44</height>
				<align>right</align>
				<label>$INFO[ListItem.Season]</label>
				<font>Font33</font>
				<textcolor>TextColor2</textcolor>
				<visible>!String.IsEmpty(ListItem.Season) + [Container.Content(TVShows) | Container.Content(Seasons)]</visible>
			</control>
			<control type="image">
				<width>44</width>
				<height>44</height>
				<colordiffuse>TextColor2</colordiffuse>
				<texture>DefaultFile.png</texture>
				<visible>Integer.IsGreater(ListItem.Episode,0) + [Container.Content(TVShows) | Container.Content(Seasons)]</visible>
			</control>
			<control type="label">
				<width>auto</width>
				<height>44</height>
				<align>right</align>
				<label>$INFO[ListItem.Episode]</label>
				<font>Font33</font>
				<textcolor>TextColor2</textcolor>
				<visible>Integer.IsGreater(ListItem.Episode,0) + [Container.Content(TVShows) | Container.Content(Seasons)]</visible>
			</control>

			<!-- Audio flags -->
			<control type="image">
				<width>44</width>
				<height>44</height>
				<colordiffuse>TextColor2</colordiffuse>
				<texture>DefaultAudio.png</texture>
				<visible>!String.IsEmpty(ListItem.AudioCodec)</visible>
			</control>
			<control type="label">
				<width>auto</width>
				<height>44</height>
				<align>right</align>
				<label>$INFO[ListItem.AudioCodec,,]$VAR[AudioChannels, ,]</label>
				<font>Font33</font>
				<textcolor>TextColor2</textcolor>
				<visible>!String.IsEmpty(ListItem.AudioCodec)</visible>
			</control>
		</control>
		<control type="grouplist">
			<left>120</left>
			<bottom>66</bottom>
			<width>800</width>
			<height>44</height>
			<itemgap>0</itemgap>
			<align>left</align>
			<orientation>horizontal</orientation>
			<usecontrolcoords>true</usecontrolcoords>
			<visible>Integer.IsGreater(Container.NumItems,0)</visible>
			<animation effect="slide" time="0" start="0,0" end="0,-44" condition="String.IsEmpty(ListItem.Season) + String.IsEmpty(ListItem.VideoCodec) + String.IsEmpty(ListItem.VideoResolution) + String.IsEmpty(ListItem.AudioCodec)">Conditional</animation>

			<!-- Duration -->
			<control type="image">
				<width>44</width>
				<height>44</height>
				<colordiffuse>TextColor2</colordiffuse>
				<texture>pvr/Timer.png</texture>
				<visible>!String.IsEmpty(ListItem.Duration)</visible>
			</control>
			<control type="label">
				<width>auto</width>
				<height>44</height>
				<align>right</align>
				<label>$INFO[ListItem.Duration]</label>
				<font>Font33</font>
				<textcolor>TextColor2</textcolor>
				<visible>!String.IsEmpty(ListItem.Duration)</visible>
			</control>
			<control type="label">
				<width>auto</width>
				<height>44</height>
				<align>right</align>
				<label> $LOCALIZE[12391]</label>
				<font>Font33</font>
				<textcolor>TextColor2</textcolor>
				<visible>!String.IsEmpty(ListItem.Duration) + !String.Contains(ListItem.Duration,:)</visible>
			</control>
		</control>
	</include>

	<!-- Side menu animation -->
	<include name="SideMenuAnimation">
		<animation effect="slide" end="0,26" time="0" condition="String.IsEqual(Container($PARAM[containerID]).NumItems,19)">Conditional</animation>
		<animation effect="slide" end="0,52" time="0" condition="String.IsEqual(Container($PARAM[containerID]).NumItems,18)">Conditional</animation>
		<animation effect="slide" end="0,78" time="0" condition="String.IsEqual(Container($PARAM[containerID]).NumItems,17)">Conditional</animation>
		<animation effect="slide" end="0,104" time="0" condition="String.IsEqual(Container($PARAM[containerID]).NumItems,16)">Conditional</animation>
		<animation effect="slide" end="0,130" time="0" condition="String.IsEqual(Container($PARAM[containerID]).NumItems,15)">Conditional</animation>
		<animation effect="slide" end="0,156" time="0" condition="String.IsEqual(Container($PARAM[containerID]).NumItems,14)">Conditional</animation>
		<animation effect="slide" end="0,182" time="0" condition="String.IsEqual(Container($PARAM[containerID]).NumItems,13)">Conditional</animation>
		<animation effect="slide" end="0,208" time="0" condition="String.IsEqual(Container($PARAM[containerID]).NumItems,12)">Conditional</animation>
		<animation effect="slide" end="0,234" time="0" condition="String.IsEqual(Container($PARAM[containerID]).NumItems,11)">Conditional</animation>
		<animation effect="slide" end="0,260" time="0" condition="String.IsEqual(Container($PARAM[containerID]).NumItems,10)">Conditional</animation>
		<animation effect="slide" end="0,286" time="0" condition="String.IsEqual(Container($PARAM[containerID]).NumItems,9)">Conditional</animation>
		<animation effect="slide" end="0,312" time="0" condition="String.IsEqual(Container($PARAM[containerID]).NumItems,8)">Conditional</animation>
		<animation effect="slide" end="0,338" time="0" condition="String.IsEqual(Container($PARAM[containerID]).NumItems,7)">Conditional</animation>
		<animation effect="slide" end="0,364" time="0" condition="String.IsEqual(Container($PARAM[containerID]).NumItems,6)">Conditional</animation>
		<animation effect="slide" end="0,390" time="0" condition="String.IsEqual(Container($PARAM[containerID]).NumItems,5)">Conditional</animation>
		<animation effect="slide" end="0,416" time="0" condition="String.IsEqual(Container($PARAM[containerID]).NumItems,4)">Conditional</animation>
		<animation effect="slide" end="0,442" time="0" condition="String.IsEqual(Container($PARAM[containerID]).NumItems,3)">Conditional</animation>
		<animation effect="slide" end="0,468" time="0" condition="String.IsEqual(Container($PARAM[containerID]).NumItems,2)">Conditional</animation>
		<animation effect="slide" end="0,494" time="0" condition="String.IsEqual(Container($PARAM[containerID]).NumItems,1)">Conditional</animation>

	</include>

	<include name="Indicators">
		<definition>
			<control type="group">
				<left>$PARAM[left]</left>
				<top>$PARAM[top]</top>
				<width>30</width>
				<height>$PARAM[height]</height>
				<control type="image">
					<left>0</left>
					<top>0</top>
					<width>30</width>
					<height>16</height>
					<colordiffuse>TextColor2</colordiffuse>
					<texture colordiffuse="DialogColor2">up.png</texture>

					<visible>Container($PARAM[container]).HasPrevious</visible>

					<animation type="Visible">
						<effect type="Fade" start="0" end="100" time="200"/>
						<effect type="slide" start="0,10" end="0,0" time="200"/>
					</animation>
					<animation type="Hidden">
						<effect type="Fade" start="100" end="0" time="200"/>
						<effect type="slide" start="0,0" end="0,-10" time="200"/>
					</animation>

				</control>
				<control type="image">
					<left>0</left>
					<bottom>0</bottom>
					<width>30</width>
					<height>16</height>
					<texture colordiffuse="DialogColor2">down.png</texture>

					<visible>Container($PARAM[container]).HasNext</visible>

					<animation type="Visible">
						<effect type="Fade" start="0" end="100" time="200"/>
						<effect type="slide" start="0,-10" end="0,0" time="200"/>
					</animation>
					<animation type="Hidden">
						<effect type="Fade" start="100" end="0" time="200"/>
						<effect type="slide" start="0,0" end="0,10" time="200"/>
					</animation>
				</control>
			</control>
		</definition>
	</include>

	<include name="dialogButtonBackground">
		<definition>
			<control type="image">
				<left>-1000</left>
				<bottom>90</bottom>
				<width>3980</width>
				<height>86</height>
				<texture colordiffuse="TextColor1" border="2">common/Border.png</texture>
				<visible>ControlGroup($PARAM[id]).HasFocus</visible>
				<include>VisibleFadeAnimation</include>
			</control>
			<control type="image">
				<left>-1000</left>
				<bottom>90</bottom>
				<width>3980</width>
				<height>86</height>
				<texture colordiffuse="TextColor2" border="2">common/Border.png</texture>
				<visible>!ControlGroup($PARAM[id]).HasFocus</visible>
				<include>VisibleFadeAnimation</include>
			</control>
			<control type="image">
				<left>0</left>
				<bottom>90</bottom>
				<width>3980</width>
				<height>86</height>
				<visible>ControlGroup($PARAM[id]).HasFocus</visible>
				<texture colordiffuse="DarkenColor">dialogs/DialogTextBackground.png</texture>
				<include>VisibleFadeAnimation</include>
			</control>
		</definition>
	</include>

</includes>
