<?xml version="1.0" encoding="UTF-8"?>
<window>
	<!-- videolibrary -->
	<backgroundcolor>0x00000000</backgroundcolor>
	<defaultcontrol always="true">50</defaultcontrol>
	<onload condition="System.HasAddon(script.tvtunes)">XBMC.RunScript(script.tvtunes,backend=True)</onload>
	<views>50,51,55,500,59,580,581,582,583,584</views>

	<controls>

		<!-- Background -->
		<include>WindowBackgroundImage</include>

					<!-- Window Background -->
		<control type="group">
			<visible>!Skin.HasSetting(fade)</visible>
			<include>WindowFadeBackgroundImage</include>
		</control>

		<!-- Main group -->
		<control type="group">
			<include>SlideAnim</include>
			<include>WindowFadeAnimation</include>

			<!-- Views -->
			<!-- liste -->
			<include>Viewtype50</include>
			<!-- LARGE list -->
			<include>Viewtype51</include>
			<!-- Thumbs -->
			<include>Viewtype55</include>
			<!-- WALL -->
			<include>Viewtype500</include>

			<include>Viewtype59</include>
			<include>Viewtype580</include>
			<!-- galerie supprimer <include>Viewtype581</include> -->
			<include>Viewtype582</include>
			<include>Viewtype583</include>
			<!-- carrer large supprimer <include>Viewtype584</include>-->

			<!-- Scrollbar (vertical) -->
			<control type="scrollbar" id="60">
				<left>690</left>
				<centertop>50%</centertop>
				<width>20</width>
				<height>720</height>
				<onleft condition="!Skin.HasSetting(KioskMode)">3001</onleft>
				<onright>50</onright>
				<showonepage>false</showonepage>
				<orientation>vertical</orientation>
				<colordiffuse>OverlayColorNF</colordiffuse>
				<texturesliderbackground border="11,1,1,1">common/ScrollBackground.png</texturesliderbackground>
				<texturesliderbar border="11,1,1,1">common/ScrollbarGripNF.png</texturesliderbar>
				<texturesliderbarfocus border="11,1,1,1" colordiffuse="DialogColor1">common/ScrollbarGripFO.png</texturesliderbarfocus>
				<textureslidernib>-</textureslidernib>
				<textureslidernibfocus>-</textureslidernibfocus>
				<visible>!Skin.HasSetting(Scrollbars) + Control.IsVisible(50)</visible>
			</control>

			<!-- scrool horizon -->
			<control type="scrollbar" id="60">
				<centerleft>50%</centerleft>
				<top>1040</top>
				<width>1680</width>
				<height>20</height>
				<onup>50</onup>
				<ondown condition="!Skin.HasSetting(KioskMode)">3001</ondown>
				<showonepage>false</showonepage>
				<orientation>horizontal</orientation>
				<colordiffuse>OverlayColorNF</colordiffuse>
				<texturesliderbackground border="1,12,1,1">common/ScrollBackgroundHorizontal.png</texturesliderbackground>
				<texturesliderbar border="1,12,1,1">common/ScrollbarGripHorizontalNF.png</texturesliderbar>
				<texturesliderbarfocus border="1,12,1,1" colordiffuse="DialogColor1">common/ScrollbarGripHorizontalFO.png</texturesliderbarfocus>
				<textureslidernib>-</textureslidernib>
				<textureslidernibfocus>-</textureslidernibfocus>
				<visible>!Skin.HasSetting(Scrollbars) + [Control.IsVisible(59)|Control.IsVisible(500)|Control.IsVisible(580)|Control.IsVisible(582)]</visible>
			</control>


			<!-- Media flags -->
			<include>MediaFlags</include>

			<!-- Item count -->
			<include>ItemCount</include>

			<!--logo-->
			<include>MediaLogos</include>

		</control>

		<!-- Time -->
		<control type="group">
			<include>SlideAnim</include>
			<include>Time</include>
		</control>

		<!-- Options -->
		<control type="group" id="9002">
			<control type="image">
				<include>FullscreenDimensions</include>
				<texture colordiffuse="DarkenColor">dialogs/DialogTextBackground.png</texture>
				<animation effect="fade" start="0" end="100" time="200">Visible</animation>
				<animation effect="fade" start="100" end="0" time="200">Hidden</animation>
				<visible>ControlGroup(9002).HasFocus</visible>
			</control>
			<control type="group">
				<left>-450</left>
				<top>0</top>
				<animation effect="slide" start="0,0" end="450,0" time="200" condition="ControlGroup(9002).HasFocus">Conditional</animation>
				<control type="button">
					<left>0</left>
					<top>0</top>
					<width>460</width>
					<height>1080</height>
					<onclick>noop</onclick>
				</control>

				<control type="image">
					<left>0</left>
					<top>0</top>
					<width>450</width>
					<height>1080</height>
					<texture colordiffuse="$VAR[OverlayColor]">dialogs/Background.png</texture>
				</control>

				<include>mediamenu</include>

				<!-- Look controls -->
				<control type="grouplist" id="3001">
					<left>20</left>
					<top>10</top> <!-- -10 because there are two spacers -->
					<width>410</width>
					<height>1040</height>
					<onup>85</onup>
					<ondown>85</ondown>
					<onleft>50</onleft>
					<onright>50</onright>
					<scrolltime>200</scrolltime>
					<orientation>vertical</orientation>
					<itemgap>0</itemgap>
					<defaultcontrol always="true">99</defaultcontrol>

					<include content="SideMenuAnimation">
						<param name="containerID">3001</param>
					</include>


					<!-- View -->
					<control type="button" id="2">
						<label>$INFO[Container.ViewMode]</label>
						<height>52</height>
					</control>

					<control type="radiobutton" id="193">
						<label>Fade</label>
						<height>52</height>
						<onclick>Skin.ToggleSetting(fade)</onclick>
						<selected>!Skin.HasSetting(fade)</selected>
					</control>

					<!-- vue 500 -->
					<control type="radiobutton" id="195">
						<label>Landscape</label>
						<height>52</height>
						<onclick>Skin.ToggleSetting(500_landscape)</onclick>
						<selected>!Skin.HasSetting(500_landscape)</selected>
						<visible>Skin.HasSetting(500_banner) + Control.IsVisible(500)</visible>
					</control>
					<control type="radiobutton" id="196">
						<label>Bannière</label>
						<height>52</height>
						<onclick>Skin.ToggleSetting(500_banner)</onclick>
						<selected>!Skin.HasSetting(500_banner)</selected>
						<visible>Skin.HasSetting(500_landscape) + Control.IsVisible(500)</visible>
					</control>
					<!---->

					<control type="radiobutton" id="197">
						<label>Bottom</label>
						<height>52</height>
						<onclick>Skin.ToggleSetting(51_bottom)</onclick>
						<selected>!Skin.HasSetting(51_bottom)</selected>
						<visible>Control.IsVisible(51)</visible>
					</control>
					<control type="radiobutton" id="198">
						<label>Grille</label>
						<height>52</height>
						<onclick>Skin.ToggleSetting(580_grille)</onclick>
						<selected>!Skin.HasSetting(580_grille)</selected>
						<visible>Control.IsVisible(580)</visible>
					</control>
					<!-- Scrollbars -->
					<control type="radiobutton" id="199">
						<label>31005</label>
						<height>52</height>
						<onclick>Skin.ToggleSetting(Scrollbars)</onclick>
						<selected>!Skin.HasSetting(Scrollbars)</selected>
						<visible>!Control.IsVisible(55)</visible>
					</control>


					<control type="image" id="80">
						<left>0</left>
						<top>0</top>
						<width>410</width>
						<height>10</height>
						<texture>transparent.png</texture>
					</control>


					<!-- Sort by -->
					<control type="button" id="3">
						<label>103</label>
						<height>52</height>
						<visible>Control.IsEnabled(3)</visible>
					</control>
					<!-- Sort ascending/descending -->
					<control type="togglebutton" id="4">
						<label>584</label>
						<altlabel>585</altlabel>
						<height>52</height>
						<usealttexture>Container.SortDirection(Descending)</usealttexture>
						<visible>Control.IsEnabled(4)</visible>
					</control>
					<!-- Watched toggle -->
					<control type="radiobutton" id="14">
						<label>20367</label>
						<height>52</height>
						<visible>Control.IsEnabled(14)</visible>
					</control>
					<!-- Filter -->
					<control type="edit" id="19">
						<label>587</label>
						<height>52</height>
						<visible>Container.CanFilter + !Container.CanFilterAdvanced</visible>
					</control>
					<!-- Filter -->
					<control type="radiobutton" id="93">
						<label>587</label>
						<height>52</height>
						<onclick>Right</onclick>
						<onclick>Right</onclick>
						<onclick>Filter</onclick>
						<selected>Container.Filtered</selected>
						<visible>Container.CanFilterAdvanced</visible>
					</control>


					<control type="image" id="81">
						<left>0</left>
						<top>0</top>
						<width>410</width>
						<height>10</height>
						<texture colordiffuse="$VAR[OverlayColor]">transparent.png</texture>
					</control>


					<!-- Open playlist -->
					<control type="button" id="91">
						<label>13350</label>
						<height>52</height>
						<onclick condition="!String.IsEqual(Playlist.Length(video),0)">ActivateWindow(videoplaylist)</onclick>
						<visible>!String.IsEqual(Playlist.Length(video),0)</visible>
					</control>
					<!-- Update library -->
					<control type="togglebutton" id="20">
						<label>653</label>
						<height>52</height>
						<altlabel>13353</altlabel>
						<onclick>SetFocus(50)</onclick>
						<usealttexture>Library.IsScanningVideo</usealttexture>
					</control>
					<!-- Search -->
					<control type="button" id="8">
						<label>137</label>
						<height>52</height>
						<visible>Control.IsEnabled(8)</visible>
					</control>
					<!-- PartyMode -->
					<control type="radiobutton" id="16">
						<label>589</label>
						<height>52</height>
						<visible>Container.Content(MusicVideos)</visible>
					</control>
					<!-- Unlock Shares -->
					<control type="radiobutton" id="11">
						<label>20336</label>
						<height>52</height>
						<onclick>XBMC.Mastermode</onclick>
						<selected>System.IsMaster</selected>
						<visible>System.HasLocks</visible>
					</control>
				</control>
			</control>
		</control>

	</controls>

</window>
