<?xml version="1.0" encoding="UTF-8"?>

<includes>

<!--BIG GALLERIE-->
    <include name="Viewtype582">

        <control type="group">
            <visible>Control.IsVisible(582)</visible>

                <control type="label">
                    <top>220</top>
                    <left>550</left>
                    <width>800</width>
                    <aligny>center</aligny>
                    <align>center</align>
                    <height>70</height>
                    <textcolor>TextColor1</textcolor>
                    <font>Font72</font>
                    <label>$INFO[ListItem.Label]</label>
                </control>
                <control type="label">
                    <left>550</left>
                    <top>780</top>
                    <width>800</width>
                    <height>27</height>
                    <font>Font27</font>
                    <aligny>center</aligny>
                    <align>center</align>
                    <label>$VAR[Label2]</label>
                    <textcolor>TextColor2</textcolor>
                </control>

                <control type="wraplist" id="582">
                    <left>-260</left>
                    <right>0</right>
                    <top>310</top>
                    <bottom>0</bottom>
                    <width>2220</width>
                    <height>700</height>
                    <onleft>58</onleft>
                    <onright>58</onright>
                    <ondown>60</ondown>
                    <onup condition="!Skin.HasSetting(KioskMode)">3001</onup>
                    <pagecontrol>60</pagecontrol>
                    <preloaditems>0</preloaditems>
                    <orientation>horizontal</orientation>
                    <focusposition>1</focusposition>
                    <viewtype label="BigGalery">bigwide</viewtype>
                    <scrolltime tween="Quadratic" easing="out">300</scrolltime>
                    <visible>Container.Content(movies) | Container.Content(sets) | Container.Content(tvshows) | Container.Content(seasons) | Container.Content(episodes) | Container.Content(artists)</visible>
                    <itemlayout height="450" width="820">
                        <control type="image">
                            <width>800</width>
                            <height>450</height>
                            <texture colordiffuse="DarkenColor">dialogs/Background.png</texture>
                            <aspectratio>scale</aspectratio>
                            <visible>ListItem.IsFolder</visible>
                        </control>
                        <control type="image">
                            <width>800</width>
                            <height>450</height>
                            <aspectratio scalediffuse="false">keep</aspectratio>
                            <texture background="true" fallback="DefaultVideoFanart.png">$VAR[mediaImages_landscape]</texture>
                            <colordiffuse>DiffusePosterNF</colordiffuse>
                        </control>
                    </itemlayout>
                    <focusedlayout height="450" width="820">
                        <control type="group">
                            <include>FocusAnim</include>
                            <control type="image">
                                <width>800</width>
                                <height>450</height>
                                <texture colordiffuse="DarkenColor">dialogs/Background.png</texture>
                                <aspectratio>scale</aspectratio>
                                <visible>ListItem.IsFolder</visible>
                            </control>
                            <control type="image">
                                <width>800</width>
                                <height>450</height>
                                <aspectratio>keep</aspectratio>
                                <texture background="true" fallback="DefaultVideoFanart.png">$VAR[mediaImages_landscape]</texture>
                            </control>
                        </control>
                    </focusedlayout>
                </control>
            <control type="group">
                <include>FocusAnim</include>
                <left>0</left>
                <right>0</right>
                <bottom>0</bottom>
                <height>70</height>
                <control type="image">
                    <left>0</left>
                    <right>0</right>
                    <bottom>0</bottom>
                    <height>70</height>
                    <texture>dialogs/back.png</texture>
                </control>
                <control type="image">
                    <centerright>40</centerright>
                    <bottom>11</bottom>
                    <width>48</width>
                    <height>48</height>
                    <texture>$VAR[ListWatchedIconVar]</texture>
                    <visible>!Container.Content(artists) + !Container.Content(albums) + !Container.Content(albums)</visible>
                </control>
            </control>

            <control type="group">
                <visible>Control.IsVisible(582)</visible>
                <control type="image">
                    <left>35</left>
                    <centertop>50%</centertop>
                    <width>28</width>
                    <height>28</height>
                    <texture flipx="true" colordiffuse="$VAR[SkinColorVar]">overlays/arrowright.png</texture>
                    <animation effect="zoom" start="0,100" end="100,100" center="auto" time="200">VisibleChange</animation>
                    <animation effect="zoom" start="0,100" end="100,100" delay="500" center="auto" time="200">WindowOpen</animation>
                    <animation effect="zoom" start="100,100" end="0,100" center="auto" time="200">WindowClose</animation>
                </control>
                <control type="image">
                    <right>35</right>
                    <centertop>50%</centertop>
                    <width>28</width>
                    <height>28</height>
                    <texture colordiffuse="$VAR[SkinColorVar]">overlays/arrowright.png</texture>
                    <animation effect="zoom" start="0,100" end="100,100" center="auto" time="200">VisibleChange</animation>
                    <animation effect="zoom" start="0,100" end="100,100" delay="500" center="auto" time="200">WindowOpen</animation>
                    <animation effect="zoom" start="100,100" end="0,100" center="auto" time="200">WindowClose</animation>
                </control>
                <control type="button" id="58500">
                    <left>35</left>
                    <centertop>50%</centertop>
                    <width>28</width>
                    <height>28</height>
                    <texturefocus></texturefocus>
                    <texturenofocus></texturenofocus>
                    <onclick>Control.Move(58,-1)</onclick>
                    <visible allowhiddenfocus="true">Container(58).HasPrevious + [Control.HasFocus(58) | Control.HasFocus(58500)]</visible>
                </control>
                <control type="button" id="58501">
                    <right>35</right>
                    <centertop>50%</centertop>
                    <width>28</width>
                    <height>28</height>
                    <texturefocus></texturefocus>
                    <texturenofocus></texturenofocus>
                    <onclick>Control.Move(58,1)</onclick>
                    <visible allowhiddenfocus="true">Container(58).HasNext + [Control.HasFocus(58) | Control.HasFocus(58501)]</visible>
                </control>
            </control>
        </control>

    </include>
</includes>
