<?xml version="1.0" encoding="UTF-8"?>
<addon
	id="skin.osmc"
	version="17.0.3"
	name="OSMC Skin"
	provider-name="OSMC">
	<requires>
		<import addon="xbmc.gui" version="5.12.0"/>
	</requires>
	<extension point="xbmc.gui.skin" defaultthemename="Textures.xbt" effectslowdown="1.00" debugging="false">
		<res width="1920" height="1080" aspect="16:9" default="true" folder="16x9" />
	</extension>
	<extension point="xbmc.addon.metadata">
		<platform>all</platform>
		<summary lang="en">The default skin for OSMC</summary>
		<description lang="en">Original design: Bolteh[CR]Original Kodi skin: Hitcher</description>
		<news>Fix crash in PVR guide window; Font updates</news>
	</extension>
	<assets>
		<icon>icon.png</icon>
		<fanart>extras/backgrounds/Default.png</fanart>
	</assets>
</addon>